src,dst,path,latency_ms,energy_mJ,intercepted
devA,devB,devA->gw->devB,20,0.04,True
devA,devB,devA->gw->devB,20,0.04,True
devA,devB,devA->gw->devB,20,0.04,True
devA,devB,devA->gw->devB,20,0.04,True
devA,devB,devA->gw->devB,20,0.04,True
devA,devB,devA->gw->devB,20,0.04,True
devA,devB,devA->gw->devB,20,0.04,True
devA,devB,devA->gw->devB,20,0.04,True
devA,devB,devA->gw->devB,20,0.04,True
devA,devB,devA->gw->devB,20,0.04,True
devA,devB,devA->gw->devB,20,0.04,True
devA,devB,devA->gw->devB,20,0.04,True
devA,devB,devA->gw->devB,20,0.04,True
devA,devB,devA->gw->devB,20,0.04,True
devA,devB,devA->gw->devB,20,0.04,True
devA,devB,devA->gw->devB,20,0.04,True
devA,devB,devA->gw->devB,20,0.04,True
devA,devB,devA->gw->devB,20,0.04,True
devA,devB,devA->gw->devB,20,0.04,True
devA,devB,devA->gw->devB,20,0.04,True
devA,devB,devA->gw->devB,20,0.04,True
devA,devB,devA->gw->devB,20,0.04,True
devA,devB,devA->gw->devB,20,0.04,True
devA,devB,devA->gw->devB,20,0.04,True
devA,devB,devA->gw->devB,20,0.04,True
devA,devB,devA->gw->devB,20,0.04,True
devA,devB,devA->gw->devB,20,0.04,True
devA,devB,devA->gw->devB,20,0.04,True
devA,devB,devA->gw->devB,20,0.04,True
devA,devB,devA->gw->devB,20,0.04,True
devA,devB,devA->gw->devB,20,0.04,True
devA,devB,devA->gw->devB,20,0.04,True
devA,devB,devA->gw->devB,20,0.04,True
devA,devB,devA->gw->devB,20,0.04,True
devA,devB,devA->gw->devB,20,0.04,True
devA,devB,devA->gw->devB,20,0.04,True
devA,devB,devA->gw->devB,20,0.04,True
devA,devB,devA->gw->devB,20,0.04,True
devA,devB,devA->gw->devB,20,0.04,True
devA,devB,devA->gw->devB,20,0.04,True
devA,devB,devA->gw->devB,20,0.04,True
devA,devB,devA->gw->devB,20,0.04,True
devA,devB,devA->gw->devB,20,0.04,True
devA,devB,devA->gw->devB,20,0.04,True
devA,devB,devA->gw->devB,20,0.04,True
devA,devB,devA->gw->devB,20,0.04,True
devA,devB,devA->gw->devB,20,0.04,True
devA,devB,devA->gw->devB,20,0.04,True
devA,devB,devA->gw->devB,20,0.04,True
devA,devB,devA->gw->devB,20,0.04,True
devA,devB,devA->gw->devB,20,0.04,True
devA,devB,devA->gw->devB,20,0.04,True
devA,devB,devA->gw->devB,20,0.04,True
devA,devB,devA->gw->devB,20,0.04,True
devA,devB,devA->gw->devB,20,0.04,True
devA,devB,devA->gw->devB,20,0.04,True
devA,devB,devA->gw->devB,20,0.04,True
devA,devB,devA->gw->devB,20,0.04,True
devA,devB,devA->gw->devB,20,0.04,True
devA,devB,devA->gw->devB,20,0.04,True
devA,devB,devA->gw->devB,20,0.04,True
devA,devB,devA->gw->devB,20,0.04,True
devA,devB,devA->gw->devB,20,0.04,True
devA,devB,devA->gw->devB,20,0.04,True
devA,devB,devA->gw->devB,20,0.04,True
devA,devB,devA->gw->devB,20,0.04,True
devA,devB,devA->gw->devB,20,0.04,True
devA,devB,devA->gw->devB,20,0.04,True
devA,devB,devA->gw->devB,20,0.04,True
devA,devB,devA->gw->devB,20,0.04,True
devA,devB,devA->gw->devB,20,0.04,True
devA,devB,devA->gw->devB,20,0.04,True
devA,devB,devA->gw->devB,20,0.04,True
devA,devB,devA->gw->devB,20,0.04,True
devA,devB,devA->gw->devB,20,0.04,True
devA,devB,devA->gw->devB,20,0.04,True
devA,devB,devA->gw->devB,20,0.04,True
devA,devB,devA->gw->devB,20,0.04,True
devA,devB,devA->gw->devB,20,0.04,True
devA,devB,devA->gw->devB,20,0.04,True
devA,devB,devA->gw->devB,20,0.04,True
devA,devB,devA->gw->devB,20,0.04,True
devA,devB,devA->gw->devB,20,0.04,True
devA,devB,devA->gw->devB,20,0.04,True
devA,devB,devA->gw->devB,20,0.04,True
devA,devB,devA->gw->devB,20,0.04,True
devA,devB,devA->gw->devB,20,0.04,True
devA,devB,devA->gw->devB,20,0.04,True
devA,devB,devA->gw->devB,20,0.04,True
devA,devB,devA->gw->devB,20,0.04,True
devA,devB,devA->gw->devB,20,0.04,True
devA,devB,devA->gw->devB,20,0.04,True
devA,devB,devA->gw->devB,20,0.04,True
devA,devB,devA->gw->devB,20,0.04,True
devA,devB,devA->gw->devB,20,0.04,True
devA,devB,devA->gw->devB,20,0.04,True
devA,devB,devA->gw->devB,20,0.04,True
devA,devB,devA->gw->devB,20,0.04,True
devA,devB,devA->gw->devB,20,0.04,True
devA,devB,devA->gw->devB,20,0.04,True
devA,devB,devA->gw->devB,20,0.04,True
devA,devB,devA->gw->devB,20,0.04,True
devA,devB,devA->gw->devB,20,0.04,True
devA,devB,devA->gw->devB,20,0.04,True
devA,devB,devA->gw->devB,20,0.04,True
devA,devB,devA->gw->devB,20,0.04,True
devA,devB,devA->gw->devB,20,0.04,True
devA,devB,devA->gw->devB,20,0.04,True
devA,devB,devA->gw->devB,20,0.04,True
devA,devB,devA->gw->devB,20,0.04,True
devA,devB,devA->gw->devB,20,0.04,True
devA,devB,devA->gw->devB,20,0.04,True
devA,devB,devA->gw->devB,20,0.04,True
devA,devB,devA->gw->devB,20,0.04,True
devA,devB,devA->gw->devB,20,0.04,True
devA,devB,devA->gw->devB,20,0.04,True
devA,devB,devA->gw->devB,20,0.04,True
devA,devB,devA->gw->devB,20,0.04,True
devA,devB,devA->gw->devB,20,0.04,True
devA,devB,devA->gw->devB,20,0.04,True
devA,devB,devA->gw->devB,20,0.04,True
devA,devB,devA->gw->devB,20,0.04,True
devA,devB,devA->gw->devB,20,0.04,True
devA,devB,devA->gw->devB,20,0.04,True
devA,devB,devA->gw->devB,20,0.04,True
devA,devB,devA->gw->devB,20,0.04,True
devA,devB,devA->gw->devB,20,0.04,True
devA,devB,devA->gw->devB,20,0.04,True
devA,devB,devA->gw->devB,20,0.04,True
devA,devB,devA->gw->devB,20,0.04,True
devA,devB,devA->gw->devB,20,0.04,True
devA,devB,devA->gw->devB,20,0.04,True
devA,devB,devA->gw->devB,20,0.04,True
devA,devB,devA->gw->devB,20,0.04,True
devA,devB,devA->gw->devB,20,0.04,True
devA,devB,devA->gw->devB,20,0.04,True
devA,devB,devA->gw->devB,20,0.04,True
devA,devB,devA->gw->devB,20,0.04,True
devA,devB,devA->gw->devB,20,0.04,True
devA,devB,devA->gw->devB,20,0.04,True
devA,devB,devA->gw->devB,20,0.04,True
devA,devB,devA->gw->devB,20,0.04,True
devA,devB,devA->gw->devB,20,0.04,True
devA,devB,devA->gw->devB,20,0.04,True
devA,devB,devA->gw->devB,20,0.04,True
devA,devB,devA->gw->devB,20,0.04,True
devA,devB,devA->gw->devB,20,0.04,True
devA,devB,devA->gw->devB,20,0.04,True
devA,devB,devA->gw->devB,20,0.04,True
devA,devB,devA->gw->devB,20,0.04,True
devA,devB,devA->gw->devB,20,0.04,True
devA,devB,devA->gw->devB,20,0.04,True
devA,devB,devA->gw->devB,20,0.04,True
devA,devB,devA->gw->devB,20,0.04,True
devA,devB,devA->gw->devB,20,0.04,True
devA,devB,devA->gw->devB,20,0.04,True
devA,devB,devA->gw->devB,20,0.04,True
devA,devB,devA->gw->devB,20,0.04,True
devA,devB,devA->gw->devB,20,0.04,True
devA,devB,devA->gw->devB,20,0.04,True
devA,devB,devA->gw->devB,20,0.04,True
devA,devB,devA->gw->devB,20,0.04,True
devA,devB,devA->gw->devB,20,0.04,True
devA,devB,devA->gw->devB,20,0.04,True
devA,devB,devA->gw->devB,20,0.04,True
devA,devB,devA->gw->devB,20,0.04,True
devA,devB,devA->gw->devB,20,0.04,True
devA,devB,devA->gw->devB,20,0.04,True
devA,devB,devA->gw->devB,20,0.04,True
devA,devB,devA->gw->devB,20,0.04,True
devA,devB,devA->gw->devB,20,0.04,True
devA,devB,devA->gw->devB,20,0.04,True
devA,devB,devA->gw->devB,20,0.04,True
devA,devB,devA->gw->devB,20,0.04,True
devA,devB,devA->gw->devB,20,0.04,True
devA,devB,devA->gw->devB,20,0.04,True
devA,devB,devA->gw->devB,20,0.04,True
devA,devB,devA->gw->devB,20,0.04,True
devA,devB,devA->gw->devB,20,0.04,True
devA,devB,devA->gw->devB,20,0.04,True
devA,devB,devA->gw->devB,20,0.04,True
devA,devB,devA->gw->devB,20,0.04,True
devA,devB,devA->gw->devB,20,0.04,True
devA,devB,devA->gw->devB,20,0.04,True
devA,devB,devA->gw->devB,20,0.04,True
devA,devB,devA->gw->devB,20,0.04,True
devA,devB,devA->gw->devB,20,0.04,True
devA,devB,devA->gw->devB,20,0.04,True
devA,devB,devA->gw->devB,20,0.04,True
devA,devB,devA->gw->devB,20,0.04,True
devA,devB,devA->gw->devB,20,0.04,True
devA,devB,devA->gw->devB,20,0.04,True
devA,devB,devA->gw->devB,20,0.04,True
devA,devB,devA->gw->devB,20,0.04,True
devA,devB,devA->gw->devB,20,0.04,True
devA,devB,devA->gw->devB,20,0.04,True
devA,devB,devA->gw->devB,20,0.04,True
devA,devB,devA->gw->devB,20,0.04,True
devA,devB,devA->gw->devB,20,0.04,True
devA,devB,devA->gw->devB,20,0.04,True
devA,devB,devA->gw->devB,20,0.04,True
devA,devB,devA->gw->devB,20,0.04,True
devA,devB,devA->gw->devB,20,0.04,True
devA,devB,devA->gw->devB,20,0.04,True
devA,devB,devA->gw->devB,20,0.04,True
devA,devB,devA->gw->devB,20,0.04,True
devA,devB,devA->gw->devB,20,0.04,True
devA,devB,devA->gw->devB,20,0.04,True
devA,devB,devA->gw->devB,20,0.04,True
devA,devB,devA->gw->devB,20,0.04,True
devA,devB,devA->gw->devB,20,0.04,True
devA,devB,devA->gw->devB,20,0.04,True
devA,devB,devA->gw->devB,20,0.04,True
devA,devB,devA->gw->devB,20,0.04,True
devA,devB,devA->gw->devB,20,0.04,True
devA,devB,devA->gw->devB,20,0.04,True
devA,devB,devA->gw->devB,20,0.04,True
devA,devB,devA->gw->devB,20,0.04,True
devA,devB,devA->gw->devB,20,0.04,True
devA,devB,devA->gw->devB,20,0.04,True
devA,devB,devA->gw->devB,20,0.04,True
devA,devB,devA->gw->devB,20,0.04,True
devA,devB,devA->gw->devB,20,0.04,True
devA,devB,devA->gw->devB,20,0.04,True
devA,devB,devA->gw->devB,20,0.04,True
devA,devB,devA->gw->devB,20,0.04,True
devA,devB,devA->gw->devB,20,0.04,True
devA,devB,devA->gw->devB,20,0.04,True
devA,devB,devA->gw->devB,20,0.04,True
devA,devB,devA->gw->devB,20,0.04,True
devA,devB,devA->gw->devB,20,0.04,True
devA,devB,devA->gw->devB,20,0.04,True
devA,devB,devA->gw->devB,20,0.04,True
devA,devB,devA->gw->devB,20,0.04,True
devA,devB,devA->gw->devB,20,0.04,True
devA,devB,devA->gw->devB,20,0.04,True
devA,devB,devA->gw->devB,20,0.04,True
devA,devB,devA->gw->devB,20,0.04,True
devA,devB,devA->gw->devB,20,0.04,True
devA,devB,devA->gw->devB,20,0.04,True
devA,devB,devA->gw->devB,20,0.04,True
devA,devB,devA->gw->devB,20,0.04,True
devA,devB,devA->gw->devB,20,0.04,True
devA,devB,devA->gw->devB,20,0.04,True
devA,devB,devA->gw->devB,20,0.04,True
devA,devB,devA->gw->devB,20,0.04,True
devA,devB,devA->gw->devB,20,0.04,True
devA,devB,devA->gw->devB,20,0.04,True
devA,devB,devA->gw->devB,20,0.04,True
devA,devB,devA->gw->devB,20,0.04,True
devA,devB,devA->gw->devB,20,0.04,True
devA,devB,devA->gw->devB,20,0.04,True
devA,devB,devA->gw->devB,20,0.04,True
devA,devB,devA->gw->devB,20,0.04,True
devA,devB,devA->gw->devB,20,0.04,True
devA,devB,devA->gw->devB,20,0.04,True
devA,devB,devA->gw->devB,20,0.04,True
devA,devB,devA->gw->devB,20,0.04,True
devA,devB,devA->gw->devB,20,0.04,True
devA,devB,devA->gw->devB,20,0.04,True
devA,devB,devA->gw->devB,20,0.04,True
devA,devB,devA->gw->devB,20,0.04,True
devA,devB,devA->gw->devB,20,0.04,True
devA,devB,devA->gw->devB,20,0.04,True
devA,devB,devA->gw->devB,20,0.04,True
devA,devB,devA->gw->devB,20,0.04,True
devA,devB,devA->gw->devB,20,0.04,True
devA,devB,devA->gw->devB,20,0.04,True
devA,devB,devA->gw->devB,20,0.04,True
devA,devB,devA->gw->devB,20,0.04,True
devA,devB,devA->gw->devB,20,0.04,True
devA,devB,devA->gw->devB,20,0.04,True
devA,devB,devA->gw->devB,20,0.04,True
devA,devB,devA->gw->devB,20,0.04,True
devA,devB,devA->gw->devB,20,0.04,True
devA,devB,devA->gw->devB,20,0.04,True
devA,devB,devA->gw->devB,20,0.04,True
devA,devB,devA->gw->devB,20,0.04,True
devA,devB,devA->gw->devB,20,0.04,True
devA,devB,devA->gw->devB,20,0.04,True
devA,devB,devA->gw->devB,20,0.04,True
devA,devB,devA->gw->devB,20,0.04,True
devA,devB,devA->gw->devB,20,0.04,True
devA,devB,devA->gw->devB,20,0.04,True
devA,devB,devA->gw->devB,20,0.04,True
devA,devB,devA->gw->devB,20,0.04,True
devA,devB,devA->gw->devB,20,0.04,True
devA,devB,devA->gw->devB,20,0.04,True
devA,devB,devA->gw->devB,20,0.04,True
devA,devB,devA->gw->devB,20,0.04,True
devA,devB,devA->gw->devB,20,0.04,True
devA,devB,devA->gw->devB,20,0.04,True
devA,devB,devA->gw->devB,20,0.04,True
devA,devB,devA->gw->devB,20,0.04,True
devA,devB,devA->gw->devB,20,0.04,True
devA,devB,devA->gw->devB,20,0.04,True
devA,devB,devA->gw->devB,20,0.04,True
devA,devB,devA->gw->devB,20,0.04,True
devA,devB,devA->gw->devB,20,0.04,True
devA,devB,devA->gw->devB,20,0.04,True
